PLAYER,POS,Year,BODY FAT %,HAND LENGTH (INCHES),HAND WIDTH (INCHES),HEIGHT W/O SHOES,HEIGHT W/ SHOES,STANDING REACH,WEIGHT (LBS),WINGSPAN,"LANE AGILITY TIME 
(SECONDS)","SHUTTLE RUN 
(SECONDS)","THREE QUARTER SPRINT 
(SECONDS)","STANDING VERTICAL LEAP 
(INCHES)","MAX VERTICAL LEAP 
(INCHES)","MAX BENCH PRESS 
(REPETITIONS)","OFF DRIBBLE
COLLEGE
BREAK LEFT","OFF DRIBBLE
COLLEGE
BREAK RIGHT","OFF DRIBBLE
COLLEGE
TOP KEY","OFF DRIBBLE
FIFTEEN
BREAK LEFT","OFF DRIBBLE
FIFTEEN
BREAK RIGHT","OFF DRIBBLE
FIFTEEN
TOP KEY","ON THE
MOVE
COLLEGE","ON THE
MOVE
FIFTEEN"
Michael Ajayi,SF,2024,-%,9.5,9.75,6' 5.75'',,8' 10.50'',227.8,7' 0.75'',11.77,3.17,3.21,27,34.5,-,50.00%,-,-,-,-,-,52.00%,-
Melvin Ajinca,SF,2024,-%,8.5,9.75,6' 7.25'',,8' 10.5'',213.8,6' 7.5'',11.78,3,3.38,26.5,31,-,-,-,-,-,-,-,-,-
Trey Alexander,SG,2024,-%,8.75,10,6' 3.25'',,8' 5.50'',187,6' 10.50'',11.37,2.92,3.21,26.5,32,-,70.00%,-,-,-,-,-,52.00%,-
Izan Almansa,C,2024,-%,9.25,9.25,6' 9.25'',,9' 2.00'',219.6,7' 1.00'',10.94,2.96,3.11,28,35,-,63.30%,-,-,-,-,-,32.00%,-
Reece Beekman,PG,2024,-%,8.5,9,6' 1.25'',,8' 4.00'',196.4,6' 6.50'',10.86,3.08,2.94,30,36.5,-,73.30%,-,-,-,-,-,64.00%,-
Adem Bona,C,2024,-%,9.5,10,6' 8.25'',,9' 0.00'',243.2,7' 3.75'',11.01,3.01,3.15,35,40,-,63.30%,-,-,-,-,-,-,-
Trevon Brazile,PF,2024,-%,9,10.25,6' 9.25'',,9' 0.50'',215,7' 3.75'',11.15,3.01,3.09,33,41,-,53.30%,-,-,-,-,-,52.00%,-
Jalen Bridges,SF,2024,-%,9,10,6' 6.75'',,8' 9.00'',213.4,6' 10.00'',11.14,3,3.16,25,32,-,70.00%,-,-,-,-,-,60.00%,-
Matas Buzelis,SF,2024,-%,8.5,9.25,6' 8.75'',,8' 9.50'',197,6' 10.00'',10.73,2.9,3.09,31,38,-,56.70%,-,-,-,-,-,52.00%,-
Carlton Carrington,PG,2024,-%,8.5,9.25,6' 3.75'',,8' 3.00'',194.8,6' 8.00'',11.28,2.99,3.16,28.5,36.5,-,70.00%,-,-,-,-,-,52.00%,-
Devin Carter,SG,2024,-%,8.75,9,6' 2.25'',,8' 2.00'',193,6' 8.75'',10.63,2.9,2.87,35,42,-,66.70%,-,-,-,-,-,68.00%,-
Stephon Castle,SG,2024,-%,8.75,8.75,6' 5.50'',,8' 6.00'',210,6' 9.00'',10.93,2.91,3.19,28.5,37,-,56.70%,-,-,-,-,-,72.00%,-
Ulrich Chomche,C,2024,-%,9.25,10.25,6' 10.25'',,9' 1.00'',232.4,7' 4.00'',11.74,2.84,3.1,29,35.5,-,43.30%,-,-,-,-,-,48.00%,-
Cam Christie,SG,2024,-%,8,8,6' 4.50'',,8' 5.50'',190.4,6' 8.00'',11.07,2.95,3.07,32.5,35.5,-,56.70%,-,-,-,-,-,44.00%,-
Nique Clifford,SF,2024,-%,8,9,6' 5.00'',,8' 6.00'',198.6,6' 8.00'',10.95,3.1,3.08,30,37,-,63.30%,-,-,-,-,-,36.00%,-
Donovan Clingan,C,2024,-%,10,10.25,7' 1.75'',,9' 7.00'',282,7' 6.75'',12.06,3.38,3.46,25.5,29,-,63.30%,-,-,-,-,-,40.00%,-
Isaiah Collier,PG,2024,-%,8.5,9,6' 2.50'',,8' 1.50'',204.6,6' 4.75'',10.77,2.9,3.04,30,34,-,43.30%,-,-,-,-,-,36.00%,-
Tristan Da Silva,PF,2024,-%,9,9.5,6' 8.25'',,8' 8.50'',216.8,6' 10.25'',10.81,2.82,3.09,28.5,35.5,-,56.70%,-,-,-,-,-,60.00%,-
Pacome Dadiet,SF,2024,-%,8.5,9,6' 7.75'',,8' 11.5'',216.8,6' 9'',11.84,2.94,3.21,29,36,-,-,-,-,-,-,-,-,-
N'Faly Dante,C,2024,-%,9.25,10,6' 10.00'',,9' 3.00'',260.2,7' 6.00'',11.55,3.04,3.23,27,33,-,53.30%,-,-,-,-,-,-,-
Robert Dillingham,PG,2024,-%,8,8.25,6' 1.00'',,7' 11.00'',164.2,6' 3.00'',-,-,-,-,-,-,-,-,-,-,-,-,-,-
Nikola Djurisic,SF,2024,-%,8.5,10,6' 7.00'',,8' 6.50'',208.8,6' 8.00'',10.63,2.92,3.12,27.5,34.5,-,63.30%,-,-,-,-,-,28.00%,-
Ryan Dunn,PF,2024,-%,9,9.75,6' 6.25'',,8' 7.00'',213.6,7' 1.50'',10.99,2.88,3.12,32,38.5,-,36.70%,-,-,-,-,-,40.00%,-
Zach Edey,C,2024,-%,10,10.75,7' 3.75'',,9' 7.00'',299,7' 10.75'',11.19,3.01,3.42,26,31.5,-,60.00%,-,-,-,-,-,56.00%,-
Justin Edwards,SF,2024,-%,8.75,8.75,6' 6.00'',,8' 6.50'',209.4,6' 10.00'',12.07,3.22,3.18,28,32.5,-,36.70%,-,-,-,-,-,48.00%,-
Jesse Edwards,C,2024,-%,9.25,10,6' 11.50'',,9' 3.00'',236,7' 5.00'',11.24,3.23,3.33,30.5,35.5,-,66.70%,-,-,-,-,-,36.00%,-
Boogie Ellis,PG-SG,2024,-%,9,9.5,6' 0.75'',,8' 2.00'',185,6' 7.00'',11.98,3.33,3.19,31.5,39.5,-,73.30%,-,-,-,-,-,52.00%,-
Kyle Filipowski,PF,2024,-%,8.75,9.5,6' 10.75'',,8' 11.00'',229.8,6' 10.50'',11.43,2.93,3.19,27,32.5,-,56.70%,-,-,-,-,-,56.00%,-
Trentyn Flowers,SF,2024,-%,8.75,9.5,6' 6.50'',,8' 4.50'',201.4,6' 8.25'',11.01,3,3.13,34.5,42,-,66.70%,-,-,-,-,-,56.00%,-
Enrique Freeman,PF,2024,-%,8.75,10,6' 7.25'',,9' 0.00'',212,7' 2.00'',10.99,3.04,3.26,30.5,35,-,43.30%,-,-,-,-,-,48.00%,-
Johnny Furphy,SF,2024,-%,8,9.5,6' 7.50'',,8' 8.50'',188.8,6' 8.00'',11.15,3.17,3.2,25.5,32,-,63.30%,-,-,-,-,-,36.00%,-
Kyshawn George,SF,2024,-%,9,10.25,6' 7.00'',,8' 9.00'',208.8,6' 10.25'',11.9,2.91,3.32,27,32,-,56.70%,-,-,-,-,-,64.00%,-
Tyon Grant-Foster,SF,2024,-%,8.75,9.25,6' 5.75'',,8' 8.00'',215.2,6' 11.75'',-,-,-,-,-,-,-,-,-,-,-,-,-,-
PJ Hall,C,2024,-%,9,9.75,6' 8.25'',,8' 7.50'',239.6,7' 1.50'',11.76,3.01,3.35,32.5,39.5,-,56.70%,-,-,-,-,-,48.00%,-
Coleman Hawkins,PF,2024,-%,8.75,8.75,6' 8.25'',,8' 11.00'',215.2,7' 0.00'',12.05,3.21,3.3,24,29.5,-,53.30%,-,-,-,-,-,64.00%,-
Ron Holland II,SF,2024,-%,8.75,9,6' 6.50'',,8' 8.00'',196.8,6' 10.75'',11.1,2.91,3.1,30,38,-,53.30%,-,-,-,-,-,36.00%,-
DaRon Holmes II,C,2024,-%,8.75,9,6' 8.75'',,9' 0.00'',236.2,7' 1.00'',11.2,3.03,3.25,27.5,34,-,43.30%,-,-,-,-,-,60.00%,-
Ariel Hukporti,C,2024,-%,9.25,10.25,6' 10.75'',,9' 3.00'',246.2,7' 2.50'',-,-,-,-,-,-,-,-,-,-,-,-,-,-
Oso Ighodaro,C,2024,-%,9,10,6' 9.50'',,8' 8.50'',222,6' 11.00'',11.25,3.12,3.09,35,39.5,-,36.70%,-,-,-,-,-,44.00%,-
Harrison Ingram,SF,2024,-%,9,10.25,6' 5.25'',,8' 6.50'',233.6,7' 0.25'',11.36,2.94,3.17,29,35,-,56.70%,-,-,-,-,-,52.00%,-
Bronny James,SG,2024,-%,8.5,9.5,6' 1.50'',,8' 2.50'',210.4,6' 7.25'',10.96,3.02,3.09,32,40.5,-,50.00%,-,-,-,-,-,76.00%,-
AJ Johnson,SG,2024,-%,8.5,8.5,6' 4.25'',,8' 6.00'',167,6' 8.50'',10.76,2.87,3.15,29,38,-,60.00%,-,-,-,-,-,48.00%,-
Keshad Johnson,PF,2024,-%,9.25,10.75,6' 6.25'',,8' 7.00'',224,6' 10.25'',11.38,3.02,3.03,31.5,42,-,53.30%,-,-,-,-,-,44.00%,-
Dillon Jones,SF,2024,-%,9,9.25,6' 4.50'',,8' 4.50'',236.8,6' 11.00'',11.08,2.82,3.25,26.5,33.5,-,83.30%,-,-,-,-,-,56.00%,-
David Jones,SF,2024,-%,8.5,9.5,6' 3.50'',,8' 4.00'',211.2,6' 6.75'',11.08,3.3,3.2,28,34.5,-,83.30%,-,-,-,-,-,44.00%,-
Isaac Jones,C,2024,-%,9.25,10.25,6' 7.75'',,9' 0.00'',235,7' 3.00'',11.49,3,3.38,29,35,-,53.30%,-,-,-,-,-,64.00%,-
Alex Karaban,PF,2024,-%,8.75,9.25,6' 6.50'',,8' 10.50'',219.2,6' 11.00'',11.23,-,3.2,22.5,32,-,90.00%,-,-,-,-,-,84.00%,-
Bobi Klintman,PF,2024,-%,8.75,10,6' 8.75'',,8' 10.50'',212.2,6' 11.00'',11.49,3.21,3.23,26.5,32.5,-,60.00%,-,-,-,-,-,48.00%,-
Dalton Knecht,SF,2024,-%,8.5,9.5,6' 5.25'',,8' 7.50'',212.2,6' 9.00'',10.56,2.79,3.07,31,39,-,66.70%,-,-,-,-,-,72.00%,-
Tyler Kolek,PG,2024,-%,8.25,9.5,6' 1.25'',,7' 11.00'',196.6,6' 2.75'',10.97,3.08,3.27,27,34,-,66.70%,-,-,-,-,-,64.00%,-
Pelle Larsson,SG,2024,-%,8.75,10.25,6' 5.25'',,8' 6.00'',212.4,6' 7.50'',11.15,2.91,3.06,30.5,38,-,70.00%,-,-,-,-,-,48.00%,-
Jared McCain,SG,2024,-%,8.25,9.5,6' 2.00'',,8' 2.00'',203.2,6' 3.50'',10.87,3.07,3.23,25.5,33,-,63.30%,-,-,-,-,-,48.00%,-
Kevin McCullar Jr.,SF,2024,-%,8.75,9.5,6' 5.25'',,8' 7.00'',205.8,6' 9.00'',-,-,-,-,-,-,-,-,-,-,-,-,-,-
Yves Missi,C,2024,-%,9.5,10,6' 10.75'',,9' 1.50'',229.4,7' 2.00'',11.45,3.12,3.12,31,38.5,-,43.30%,-,-,-,-,-,48.00%,-
Ajay Mitchell,PG,2024,-%,8.5,8.5,6' 3.25'',,8' 5.00'',197,6' 6.25'',11.12,2.95,3.11,28,33.5,-,80.00%,-,-,-,-,-,64.00%,-
Jonathan Mogbo,PF,2024,-%,8.75,8.75,6' 6.25'',,9' 0.50'',217.2,7' 2.00'',11.14,3.07,3.02,31.5,37.5,-,46.70%,-,-,-,-,-,56.00%,-
Tristen Newton,PG,2024,-%,8.5,9,6' 3.25'',,8' 4.00'',191.8,6' 6.75'',10.96,2.84,3.24,25,32.5,-,63.30%,-,-,-,-,-,68.00%,-
Juan Nunez,PG,2024,-%,8.5,9.5,6' 4'',,8' 6'',205.6,6' 6.5'',11.47,3.1,3.41,22,29,-,-,-,-,-,-,-,-,-
Quinten Post,C,2024,-%,9.25,10,7' 0.00'',,9' 4.00'',244.4,7' 2.50'',11.48,3.03,3.4,24,27,-,70.00%,-,-,-,-,-,56.00%,-
Antonio Reeves,SG,2024,-%,9,10,6' 4.50'',,8' 4.50'',186.6,6' 8.25'',11.44,3.16,3.14,29,36,-,70.00%,-,-,-,-,-,64.00%,-
Zaccharie Risacher,SF,2024,-%,8.5,8.75,6' 8.5'',,8' 11'',194.6,6' 9.5'',11.51,2.97,3.38,25,31,-,-,-,-,-,-,-,-,-
Jaxson Robinson,SG,2024,-%,9,9.5,6' 4.75'',,8' 7.00'',188.6,6' 11.25'',11.39,3.06,3.17,29.5,34,-,63.30%,-,-,-,-,-,68.00%,-
Tidjane Salaun,PF,2024,-%,8.5,9.75,6' 8.75'',,9' 2'',217.4,7' 1.5'',11.45,3.05,3.37,27.5,32,-,-,-,-,-,-,-,-,-
Hunter Sallis,SG,2024,-%,8,9.5,6' 3.50'',,8' 4.50'',179.4,6' 9.75'',10.82,3.16,3.11,29.5,36,-,73.30%,-,-,-,-,-,40.00%,-
Payton Sandfort,SF,2024,-%,8.5,9,6' 6.25'',,8' 8.00'',212,6' 8.00'',11.57,2.84,3.43,22,28,-,56.70%,-,-,-,-,-,48.00%,-
Alexandre Sarr,C,2024,-%,9,10,6' 11.75'',,9' 2.00'',224.2,7' 4.25'',11.43,3.23,3.27,30.5,37,-,53.30%,-,-,-,-,-,52.00%,-
Baylor Scheierman,SF,2024,-%,9.25,9.75,6' 6.25'',,8' 6.50'',201.6,6' 8.25'',10.89,2.94,3.09,27.5,32,-,80.00%,-,-,-,-,-,40.00%,-
Mark Sears,PG,2024,-%,8,8.5,5' 10.25'',,7' 8.00'',192.4,6' 2.00'',11.96,3.26,3.33,32,39,-,83.30%,-,-,-,-,-,76.00%,-
Terrence Shannon Jr.,SF,2024,-%,8.75,8.5,6' 5.75'',,8' 4.00'',219.4,6' 8.75'',-,-,-,-,-,-,-,-,-,-,-,-,-,-
Jamal Shead,PG,2024,-%,8.25,8.75,6' 0.25'',,8' 0.00'',200.8,6' 3.00'',10.87,2.87,2.94,30,37.5,-,60.00%,-,-,-,-,-,44.00%,-
Reed Sheppard,PG,2024,-%,7.75,9,6' 1.75'',,7' 9.50'',181.6,6' 3.25'',10.96,3.03,3.08,32.5,42,-,56.70%,-,-,-,-,-,60.00%,-
KJ Simpson,PG,2024,-%,8.25,9.25,6' 0.25'',,7' 9.50'',187,6' 4.50'',10.49,2.98,3.24,32.5,40.5,-,53.30%,-,-,-,-,-,48.00%,-
Tyler Smith,PF,2024,-%,8.5,9,6' 9.00'',,8' 9.00'',223.8,7' 1.00'',10.74,2.99,3.28,32,38,-,30.00%,-,-,-,-,-,56.00%,-
Cam Spencer,SG,2024,-%,8.5,9.75,6' 3.00'',,8' 2.50'',201.8,6' 5.00'',11.07,3,3.35,23,30.5,-,86.70%,-,-,-,-,-,72.00%,-
Nae'Qwan Tomlin,PF,2024,-%,9,10,6' 8.25'',,9' 1.00'',205,7' 2.50'',11.63,3.54,3.43,27.5,32.5,-,56.70%,-,-,-,-,-,52.00%,-
Nikola Topic,PG,2024,-%,8,9,6' 5.75'',,8' 6'',203,6' 5.5'',-,-,-,-,-,-,-,-,-,-,-,-,-,-
JT Toppin,PF,2024,-%,9.25,9.25,6' 7.00'',,8' 10.00'',221,7' 0.50'',11.12,3.01,3.27,28.5,34,-,36.70%,-,-,-,-,-,40.00%,-
Jaylon Tyson,SF,2024,-%,8.25,9.5,6' 5.50'',,8' 6.50'',218.2,6' 8.00'',11.13,3.06,3.12,29.5,36.5,-,66.70%,-,-,-,-,-,72.00%,-
Ja'Kobe Walter,SG,2024,-%,8.75,9.75,6' 4.25'',,8' 6.50'',197.6,6' 10.00'',11,2.92,3.04,30.5,38.5,-,76.70%,-,-,-,-,-,40.00%,-
Kel'el Ware,C,2024,-%,9.5,10.25,6' 11.75'',,9' 4.50'',230,7' 4.50'',10.97,2.91,3.29,32.5,36,-,53.30%,-,-,-,-,-,36.00%,-
Jamir Watkins,SF,2024,-%,9,9.5,6' 5.00'',,8' 8.00'',211.6,6' 10.75'',10.64,3.16,3.01,30.5,35.5,-,40.00%,-,-,-,-,-,52.00%,-
Jaylen Wells,SF,2024,-%,8.25,9.25,6' 6.50'',,8' 7.50'',206.2,6' 7.25'',11.28,3.03,3.08,27.5,36,-,73.30%,-,-,-,-,-,60.00%,-
Cody Williams,SF,2024,-%,8.25,9,6' 6.50'',,8' 7.00'',178.4,7' 1.00'',11.17,2.93,3.06,31,35.5,-,76.70%,-,-,-,-,-,44.00%,-
Trey Alexander,SG,2023,-%,8.5,8.75,6' 3.25'',,8' 5.50'',184.6,6' 10.00'',11.6,-,3.35,29.5,34,-,70.00%,-,-,-,-,-,36.00%,-
Amari Bailey,SG,2023,-%,8,9.25,6' 3.25'',,8' 7.50'',190.8,6' 7.00'',11.34,-,3.19,28.5,35,-,80.00%,-,-,-,-,-,44.00%,-
Emoni Bates,SF,2023,-%,8,8.25,6' 8.25'',,8' 9.00'',179.2,6' 9.00'',11.54,-,3.49,27,32.5,-,76.70%,-,-,-,-,-,76.00%,-
Reece Beekman,PG,2023,-%,8.5,8.25,6' 1.50'',,8' 4.50'',190.6,6' 7.00'',10.99,3.33,3.14,30.5,38,-,73.30%,-,-,-,-,-,60.00%,-
Anthony Black,PG,2023,-%,8.25,9.5,6' 5.75'',,8' 6.50'',210,6' 7.50'',11.04,-,3.35,32,39,-,-,-,-,-,-,-,-,-
Adem Bona,C,2023,-%,9.25,10,6' 8.25'',,9' 2.50'',243.4,,-,-,-,-,-,-,-,-,-,-,-,-,-,-
Kobe Brown,PF,2023,-%,8.75,9.75,6' 6.50'',,8' 10.50'',252.2,7' 0.75'',11.39,3.23,3.33,28.5,32,-,50.00%,-,-,-,-,-,44.00%,-
Kobe Bufkin,SG,2023,-%,8,9.25,6' 4.25'',,8' 6.50'',186.8,6' 7.75'',11.71,-,3.26,29,36,-,-,-,-,-,-,-,-,-
Toumani Camara,PF,2023,-%,9,10,6' 7.00'',,8' 11.00'',220.4,7' 0.50'',10.7,3.19,3.41,28.5,33,-,70.00%,-,-,-,-,-,52.00%,-
Sidy Cissoko,SF,2023,-%,9.25,10,6' 5.50'',,8' 8.00'',223.8,6' 9.75'',11.24,-,3.31,30.5,35.5,-,-,-,-,-,-,-,-,-
Jaylen Clark,SG,2023,-%,8.5,9,6' 4.00'',,8' 5.50'',204.2,6' 9.00'',-,-,-,-,-,-,-,-,-,-,-,-,-,-
Noah Clowney,PF,2023,-%,-,-,,,,-,,-,-,-,-,-,-,-,-,-,-,-,-,-,-
Bilal Coulibaly,SG-SF,2023,-%,-,-,,,,-,,-,-,-,-,-,-,-,-,-,-,-,-,-,-
Ricky Council IV,SF,2023,-%,7.75,8.5,6' 5.00'',,8' 7.00'',208,6' 9.00'',11.2,3.21,3.33,30.5,37,-,50.00%,-,-,-,-,-,40.00%,-
Gradey Dick,SG,2023,-%,8.25,9,6' 6.25'',,8' 5.00'',204,6' 8.75'',11.13,2.98,3.5,29,34,-,76.70%,-,-,-,-,-,64.00%,-
Nikola Djurisic,SF,2023,-%,8.25,9.5,6' 7.00'',,8' 6.00'',217.6,6' 8.25'',-,-,-,-,-,-,-,-,-,-,-,-,-,-
Zach Edey,C,2023,-%,9.75,11,7' 3.25'',,9' 7.50'',306.4,7' 10.50'',11.37,-,3.45,26,29.5,-,-,-,-,-,-,-,-,-
Adam Flagler,PG,2023,-%,8,9.25,6' 1.00'',,8' 1.00'',191.8,6' 4.50'',10.96,-,3.24,31,36,-,70.00%,-,-,-,-,-,68.00%,-
Keyonte George,SG,2023,-%,-,-,,,,-,,-,-,-,-,-,-,-,-,-,-,-,-,-,-
Mouhamed Gueye,C,2023,-%,9,10,6' 10.25'',,9' 2.50'',212.6,7' 3.25'',-,-,-,-,-,-,-,-,-,-,-,-,-,-
Jordan Hawkins,SG,2023,-%,8.25,8.75,6' 4.25'',,8' 5.50'',186,6' 6.75'',-,-,-,-,-,-,-,-,-,-,-,-,-,-
Coleman Hawkins,PF,2023,-%,8.75,8.75,6' 8.50'',,9' 0.50'',224.4,7' 0.25'',12.14,-,3.37,26.5,32.5,-,56.70%,-,-,-,-,-,68.00%,-
Scoot Henderson,PG,2023,-%,-,-,,,,-,,-,-,-,-,-,-,-,-,-,-,-,-,-,-
Taylor Hendricks,PF,2023,-%,9.25,10.25,6' 8.25'',,8' 11.00'',213.6,7' 0.50'',11.27,-,3.32,32.5,36,-,-,-,-,-,-,-,-,-
DaRon Holmes II,C,2023,-%,8.5,9.5,6' 9.00'',,9' 1.00'',220.8,7' 0.50'',11.48,-,3.2,29.5,35,-,50.00%,-,-,-,-,-,44.00%,-
Jalen Hood-Schifino,PG,2023,-%,9,9.75,6' 4.25'',,8' 4.50'',216.6,6' 10.25'',-,-,-,-,-,-,-,-,-,-,-,-,-,-
Jett Howard,SF,2023,-%,-,-,,,,-,,-,-,-,-,-,-,-,-,-,-,-,-,-,-
GG Jackson,PF,2023,-%,8.5,10,6' 8.25'',,8' 10.00'',214.4,6' 11.50'',11.39,-,3.21,31,37,-,46.70%,-,-,-,-,-,44.00%,-
Andre Jackson Jr.,SF,2023,-%,8.25,9.5,6' 5.50'',,8' 7.00'',198.4,6' 9.75'',10.83,-,3.14,30.5,39.5,-,60.00%,-,-,-,-,-,60.00%,-
Trayce Jackson-Davis,C,2023,-%,9.25,10.75,6' 8.25'',,8' 10.00'',240.4,7' 1.00'',11.8,3.23,3.2,33,36.5,-,60.00%,-,-,-,-,-,48.00%,-
Jaime Jaquez Jr.,SF,2023,-%,8.5,9.5,6' 6.00'',,8' 3.50'',226.4,6' 9.50'',11.21,-,3.33,34.5,39,-,-,-,-,-,-,-,-,-
Keyontae Johnson,SF,2023,-%,9,9,6' 4.00'',,8' 7.00'',238.6,7' 0.00'',-,-,-,-,-,-,-,-,-,-,-,-,-,-
Colby Jones,SG,2023,-%,8.25,8.5,6' 4.50'',,8' 7.00'',199.2,6' 8.00'',11.14,3.13,3.33,30.5,35,-,-,-,-,-,-,-,-,-
Ryan Kalkbrenner,C,2023,-%,9.25,11,7' 0.75'',,9' 4.50'',251.8,7' 5.00'',12.27,-,3.39,28,30.5,-,36.70%,-,-,-,-,-,48.00%,-
Arthur Kaluma,PF,2023,-%,8.5,10,6' 6.25'',,8' 7.50'',221.8,7' 0.50'',11.35,3.26,3.44,32.5,34.5,-,66.70%,-,-,-,-,-,64.00%,-
Mojave King,SG,2023,-%,8.75,9.5,6' 3.75'',,8' 5.00'',200.6,6' 8.00'',11.07,-,3.18,33.5,42,-,80.00%,-,-,-,-,-,52.00%,-
Bobi Klintman,PF,2023,-%,-,-,,,,-,,-,-,-,-,-,-,-,-,-,-,-,-,-,-
Maxwell Lewis,SG,2023,-%,8.75,9.5,6' 6.25'',,8' 8.50'',207.2,7' 0.00'',11.4,-,3.43,32.5,36.5,-,-,-,-,-,-,-,-,-
Dereck Lively Jr.,C,2023,-%,-,-,,,,-,,-,-,-,-,-,-,-,-,-,-,-,-,-,-
Chris Livingston,SF,2023,-%,8.5,9,6' 6.00'',,8' 8.50'',219.2,6' 11.25'',11.65,-,3.27,30.5,37,-,70.00%,-,-,-,-,-,48.00%,-
Seth Lundy,SF,2023,-%,8.5,9,6' 4.00'',,8' 8.00'',214.4,6' 10.25'',11.02,-,3.15,31.5,35.5,-,83.30%,-,-,-,-,-,64.00%,-
Kevin McCullar,SF,2023,-%,-,-,,,,-,,-,-,-,-,-,-,-,-,-,-,-,-,-,-
Mike Miles Jr.,PG,2023,-%,8,8.25,6' 0.75'',,8' 0.00'',205,6' 0.50'',11.01,3.24,3.11,33,37,-,63.30%,-,-,-,-,-,44.00%,-
Jordan Miller,SF,2023,-%,8.5,9.25,6' 4.50'',,8' 7.50'',191.6,6' 11.75'',11.43,3.21,3.17,32,36.5,-,53.30%,-,-,-,-,-,32.00%,-
Brandon Miller,SF,2023,-%,-,-,,,,-,,-,-,-,-,-,-,-,-,-,-,-,-,-,-
Leonard Miller,PF,2023,-%,9.5,10.5,6' 9.25'',,8' 10.50'',212.8,7' 2.00'',11,-,3.33,32,37.5,-,46.70%,-,-,-,-,-,60.00%,-
Judah Mintz,PG,2023,-%,8.25,9.25,6' 3.00'',,8' 2.00'',176.4,6' 3.50'',10.32,3.13,3.24,28.5,37,-,56.70%,-,-,-,-,-,52.00%,-
Dillon Mitchell,PF,2023,-%,8.25,9.5,6' 6.75'',,8' 9.00'',193,6' 10.00'',10.92,-,3.32,29,37,-,56.70%,-,-,-,-,-,48.00%,-
Omari Moore,SG,2023,-%,9,10.25,6' 5.25'',,8' 7.5'',188.6,6' 9.75'',10.8,-,3.22,29,35.5,-,43.30%,-,-,-,-,-,60.00%,-
Kris Murray,PF,2023,-%,8.5,9,6' 7.75'',,8' 10.00'',212.8,6' 11.75'',11.11,-,3.3,29.5,35,-,-,-,-,-,-,-,-,-
Grant Nelson,PF,2023,-%,9,9.5,6' 10.00'',,8' 10.50'',223.4,7' 0.00'',9.99,-,3.21,32,35.5,-,63.30%,-,-,-,-,-,36.00%,-
James Nnaji,C,2023,-%,-,-,,,,-,,-,-,-,-,-,-,-,-,-,-,-,-,-,-
Julian Phillips,SF,2023,-%,8.5,9,6' 6.75'',,8' 6.00'',196.6,6' 11.50'',11.09,-,3.32,36,43,-,-,-,-,-,-,-,-,-
Jalen Pickett,PG,2023,-%,8.5,7.5,6' 2.00'',,8' 2.50'',197.8,6' 7.25'',11.91,3.41,3.35,28.5,33,-,50.00%,-,-,-,-,-,56.00%,-
Brandin Podziemski,SG,2023,-%,8.25,10,6' 3.75'',,8' 0.50'',203.8,6' 5.50'',11.16,3.2,3.21,31.5,39,-,63.30%,-,-,-,-,-,72.00%,-
Olivier-Maxence Prosper,PF,2023,-%,8.25,10,6' 6.75'',,8' 8.00'',212.4,7' 1.00'',10.59,3,3.21,35,40.5,-,56.70%,-,-,-,-,-,64.00%,-
Rayan Rupert,SF,2023,-%,8.5,9.5,6' 6.00'',,8' 10.00'',193.2,7' 2.00'',11.18,-,3.43,27.5,32.5,-,-,-,-,-,-,-,-,-
Adama Sanogo,C,2023,-%,9.75,10,6' 7.25'',,9' 0.50'',257.8,7' 2.75'',11.5,-,3.31,28.5,31,-,63.30%,-,-,-,-,-,44.00%,-
Marcus Sasser,PG,2023,-%,8.75,9.5,6' 1.25'',,8' 3.50'',195.6,6' 7.00'',10.68,-,3.43,27,35,-,80.00%,-,-,-,-,-,80.00%,-
Brice Sensabaugh,SF,2023,-%,-,-,,,,-,,-,-,-,-,-,-,-,-,-,-,-,-,-,-
Terrence Shannon Jr.,SF,2023,-%,8.25,8,6' 5.50'',,8' 6.00'',220,6' 8.00'',10.36,-,3.06,32,37.5,-,70.00%,-,-,-,-,-,56.00%,-
Ben Sheppard,SG,2023,-%,8.5,9.5,6' 5.25'',,8' 4.00'',194.6,6' 7.75'',10.88,2.98,3.17,29.5,35.5,-,73.30%,-,-,-,-,-,56.00%,-
Jalen Slawson,PF,2023,-%,9,9,6' 6.50'',,8' 10.00'',221.6,6' 11.75'',11.26,-,3.29,29,33,-,40.00%,-,-,-,-,-,68.00%,-
Terquavion Smith,SG,2023,-%,8.5,8,6' 2.50'',,8' 2.00'',163.2,6' 6.75'',10.86,-,3.21,30,37,-,73.30%,-,-,-,-,-,40.00%,-
Nick Smith Jr.,SG,2023,-%,-,-,,,,-,,-,-,-,-,-,-,-,-,-,-,-,-,-,-
Julian Strawther,SF,2023,-%,8.25,8.25,6' 6.00'',,8' 9.00'',208.8,6' 9.25'',10.94,3.46,3.31,27.5,34.5,-,63.30%,-,-,-,-,-,76.00%,-
Amen Thompson,SG,2023,-%,8.5,8.5,6' 5.75'',,8' 7.50'',214.2,7' 0.00'',-,-,-,-,-,-,-,-,-,-,-,-,-,-
Ausar Thompson,SG,2023,-%,8.75,9.25,6' 5.75'',,8' 8.00'',218.2,7' 0.00'',-,-,-,-,-,-,-,-,-,-,-,-,-,-
Drew Timme,C,2023,-%,9,10,6' 8.75'',,9' 0.50'',243.2,7' 1.75'',10.93,-,3.34,26,30.5,-,66.70%,-,-,-,-,-,48.00%,-
Nae'Qwan Tomlin,PF,2023,-%,-,-,,,,-,,-,-,-,-,-,-,-,-,-,-,-,-,-,-
Oscar Tshiebwe,C,2023,-%,9.75,10.25,6' 7.25'',,9' 0.00'',253.6,7' 3.50'',12.26,-,3.32,29.5,32.5,-,60.00%,-,-,-,-,-,48.00%,-
Azuolas Tubelis,PF,2023,-%,9,10.5,6' 8.75'',,9' 0.00'',234.8,6' 11.00'',11.17,-,3.5,23.5,30.5,-,60.00%,-,-,-,-,-,28.00%,-
Tristan Vukcevic,C,2023,-%,9,10.25,6' 11.25'',,9' 3.00'',223.4,7' 2.50'',11.71,3.16,3.43,26,30.5,-,70.00%,-,-,-,-,-,44.00%,-
Jarace Walker,PF,2023,-%,9,10,6' 6.50'',,8' 8.50'',248.6,7' 2.50'',10.89,-,3.2,34.5,38,-,-,-,-,-,-,-,-,-
Cason Wallace,PG,2023,-%,8.5,9.25,6' 2.50'',,8' 5.00'',195.2,6' 8.50'',10.82,-,3.34,28,36,-,-,-,-,-,-,-,-,-
Jordan Walsh,SF,2023,-%,8.75,8.5,6' 5.75'',,8' 11.00'',204,7' 1.75'',10.83,-,3.3,33,36,-,63.30%,-,-,-,-,-,48.00%,-
Victor Wembanyama,C,2023,-%,-,-,,,,-,,-,-,-,-,-,-,-,-,-,-,-,-,-,-
Dariq Whitehead,SG,2023,-%,8.5,10,6' 5.75'',,8' 7.50'',217.2,6' 10.25'',-,-,-,-,-,-,-,-,-,-,-,-,-,-
Cam Whitmore,SF,2023,-%,8,8.25,6' 5.75'',,8' 7.50'',235,6' 8.50'',10.82,3.33,3.2,31.5,40.5,-,-,-,-,-,-,-,-,-
Jalen Wilson,SF,2023,-%,8.25,9,6' 5.50'',,8' 3.50'',230.2,6' 8.00'',11.26,3.15,3.2,31.5,35,-,60.00%,-,-,-,-,-,56.00%,-
Isaiah Wong,SG,2023,-%,8.25,9.5,6' 2.50'',,8' 1.50'',178.4,6' 6.75',10.93,-,3.22,32.5,37,-,76.70%,-,-,-,-,-,68.00%,-
Ochai Agbaji,SG,2022,5.40%,8.75,9.5,6' 4.50'',6' 5.75'',8' 8.00'',216.8,6' 10.25'',10.77,3.11,3.13,32,39,-,-,-,-,-,-,-,-,-
Patrick Baldwin Jr.,SF,2022,8.90%,8.75,9.5,6' 9.25'',6' 10.25'',9' 2.50'',230.8,7' 1.75'',12.25,3.3,3.45,23.5,26.5,-,60.00%,-,-,-,-,-,48.00%,-
Paolo Banchero,PF,2022,-%,-,-,,,,-,,-,-,-,-,-,-,-,-,-,-,-,-,-,-
Dominick Barlow,PF,2022,5.90%,9,10.5,6' 8.75'',6' 9.75'',9' 0.50'',221,7' 3.00'',11.29,3.19,3.33,28.5,34,-,60.00%,-,-,-,-,-,36.00%,-
MarJon Beauchamp,SG,2022,5.30%,9,9,6' 5.25'',6' 6.50'',8' 10.00'',196.6,7' 0.75'',-,-,-,-,-,-,-,-,-,-,-,-,-,-
Hugo Besson,SG,2022,8.80%,7.5,8.5,6' 4.50'',6' 5.75'',8' 6.00'',180.4,6' 5.50'',11.36,3.25,3.4,24.5,31.5,-,73.30%,-,-,-,-,-,56.00%,-
Malaki Branham,SG,2022,6.10%,8.5,9.75,6' 4.00'',6' 5.50'',8' 6.50'',194.8,6' 10.00'',11.38,3.09,3.17,29,35,-,-,-,-,-,-,-,-,-
Christian Braun,SG,2022,6.20%,8,8.5,6' 5.50'',6' 7.00'',8' 3.50'',209.2,6' 6.50'',11,3.13,3.16,33.5,40,-,46.70%,-,-,-,-,-,48.00%,-
Kendall Brown,SF,2022,4.90%,9,9,6' 6.25'',6' 7.50'',8' 7.00'',201.2,6' 11.00'',11.57,3.05,3.29,31.5,41,-,50.00%,-,-,-,-,-,72.00%,-
John Butler Jr.,PF,2022,4.70%,8.5,8.75,6' 11.75'',7' 0.75'',9' 4.00'',174.4,7' 2.25'',11.16,3.04,3.33,26.5,28.5,-,50.00%,-,-,-,-,-,60.00%,-
Julian Champagnie,SF,2022,7.10%,8.75,9.25,6' 6.25'',6' 7.75'',8' 11.00'',212.4,6' 10.00'',11.39,3.04,3.14,28.5,34.5,-,56.70%,-,-,-,-,-,64.00%,-
Kennedy Chandler,PG,2022,4.40%,8.5,9.5,5' 11.50'',6' 0.50'',8' 1.00'',172.2,6' 5.25'',10.73,2.89,-,31,41.5,-,-,-,-,-,-,-,-,-
Max Christie,SG,2022,4.80%,8,8.5,6' 4.25'',6' 5.75'',8' 6.50'',189.2,6' 8.75'',10.82,3.02,3.07,32,37.5,-,60.00%,-,-,-,-,-,52.00%,-
Kofi Cockburn,C,2022,8.20%,9.75,10.25,6' 11.00'',7' 0.00'',9' 2.50'',293,7' 4.25'',12.11,3.31,3.33,29.5,32.5,-,46.70%,-,-,-,-,-,-,-
Dyson Daniels,SG,2022,4.90%,8.5,9.75,6' 6.00'',6' 7.50'',8' 9.00'',195.2,6' 10.50'',10.81,2.81,3.22,29,34,-,-,-,-,-,-,-,-,-
Johnny Davis,PG,2022,6.70%,8.5,10.25,6' 4.25'',6' 5.75'',8' 7.50'',196.4,6' 8.50'',-,-,-,-,-,-,-,-,-,-,-,-,-,-
JD Davison,PG,2022,7.80%,8.5,9.5,6' 0.50'',6' 2.50'',8' 3.50'',191.8,6' 6.50'',11.38,3.23,3.26,30,37,-,-,-,-,-,-,-,-,-
Darius Days,SF-PF,2022,-%,-,-,,,,-,,-,-,-,-,-,-,-,-,-,-,-,-,-,-
Moussa Diabate,C,2022,2.70%,8.5,10.5,6' 9.25'',6' 10.25'',9' 1.50'',216.6,7' 2.50'',11.16,2.9,3.26,29,36.5,-,63.30%,-,-,-,-,-,-,-
Ousmane Dieng,SF,2022,-%,-,-,,,,-,,-,-,-,-,-,-,-,-,-,-,-,-,-,-
Khalifa Diop,C,2022,-%,-,-,,,,-,,-,-,-,-,-,-,-,-,-,-,-,-,-,-
Jalen Duren,C,2022,-%,-,-,,,,-,,-,-,-,-,-,-,-,-,-,-,-,-,-,-
Tari Eason,PF,2022,5.90%,9.25,11,6' 6.75'',6' 8.00'',8' 11.50'',217.4,7' 2.00'',-,-,-,-,-,-,-,-,-,-,-,-,-,-
Keon Ellis,SG,2022,3.80%,8,9.25,6' 3.50'',6' 4.75'',8' 6.00'',167.4,6' 8.50'',10.87,3.02,3.18,28,35.5,-,83.30%,-,-,-,-,-,60.00%,-
Michael Foster Jr.,C,2022,6.20%,8.75,10,6' 7.75'',6' 9.25'',9' 1.50'',236.6,7' 0.25'',11.49,3.1,3.22,28,32.5,-,66.70%,-,-,-,-,-,56.00%,-
Collin Gillespie,PG,2022,8.60%,8.25,9,6' 1.50'',6' 2.75'',8' 2.00'',195.8,6' 4.00'',10.95,3.01,3.21,26.5,33,-,76.70%,-,-,-,-,-,64.00%,-
AJ Griffin,SF,2022,-%,-,-,,,,-,,-,-,-,-,-,-,-,-,-,-,-,-,-,-
Jaden Hardy,SG,2022,-%,-,-,,,,-,,-,-,-,-,-,-,-,-,-,-,-,-,-,-
Ron Harper Jr.,SF,2022,14.30%,9.5,10,6' 4.00'',6' 5.50'',8' 9.50'',240.4,7' 1.25'',11.41,3.24,3.4,26,30.5,-,73.30%,-,-,-,-,-,60.00%,-
Chet Holmgren,PF,2022,-%,-,-,,,,-,,-,-,-,-,-,-,-,-,-,-,-,-,-,-
Harrison Ingram,SF,2022,8.30%,9,10,6' 5.25'',6' 7.00'',8' 7.50'',232.8,7' 0.25'',11.83,3.26,3.31,29.5,35,-,50.00%,-,-,-,-,-,52.00%,-
Jaden Ivey,PG,2022,-%,-,-,,,,-,,-,-,-,-,-,-,-,-,-,-,-,-,-,-
Trayce Jackson-Davis,C,2022,-%,-,-,,,,-,,-,-,-,-,-,-,-,-,-,-,-,-,-,-
Nikola Jovic,SF,2022,7.40%,8.75,9.75,6' 9.50'',6' 11.00'',9' 0.50'',222.6,7' 0.25'',-,-,-,-,-,-,-,-,-,-,-,-,-,-
Johnny Juzang,SG,2022,7.50%,8.5,9.5,6' 5.25'',6' 6.50'',8' 6.50'',208.6,6' 11.00'',11.03,3.17,3.29,27.5,32.5,-,-,-,-,-,-,-,-,-
Ismael Kamagate,PF,2022,-%,-,-,,,,-,,-,-,-,-,-,-,-,-,-,-,-,-,-,-
Trevor Keels,SG,2022,13.50%,8.25,9,6' 3.25'',6' 4.75'',8' 5.00'',223.8,6' 7.25'',11.33,3.32,3.27,24.5,31,-,-,-,-,-,-,-,-,-
Walker Kessler,C,2022,14.70%,8.5,8.5,7' 0.25'',7' 1.00'',9' 5.00'',256,7' 4.25'',-,-,-,-,-,-,-,-,-,-,-,-,-,-
Christian Koloko,C,2022,5.70%,9,10.75,6' 10.75'',7' 0.00'',9' 5.00'',221,7' 5.25'',11.3,3.19,3.27,28,33.5,-,50.00%,-,-,-,-,-,64.00%,-
Jake LaRavia,PF,2022,9.00%,8.5,10.25,6' 6.75'',6' 8.00'',8' 8.00'',227.2,6' 9.50'',10.58,2.89,3.37,27.5,34,-,70.00%,-,-,-,-,-,68.00%,-
Justin Lewis,PF,2022,7.30%,9,10.5,6' 6.25'',6' 7.50'',8' 9.50'',235.4,7' 2.50'',11.49,3.02,3.23,32.5,35,-,56.70%,-,-,-,-,-,36.00%,-
E.J. Liddell,PF,2022,12.20%,8.25,9.25,6' 5.50'',6' 7.00'',8' 7.50'',243,6' 11.75'',11.11,3.23,3.26,35.5,38,-,-,-,-,-,-,-,-,-
Kenneth Lofton Jr.,PF-C,2022,-%,-,-,,,,-,,-,-,-,-,-,-,-,-,-,-,-,-,-,-
Tyrese Martin,SG-SF,2022,-%,-,-,,,,-,,-,-,-,-,-,-,-,-,-,-,-,-,-,-
Bennedict Mathurin,SG,2022,5.70%,8.5,9.75,6' 4.50'',6' 6.00'',8' 8.00'',204.6,6' 9.00'',-,-,-,-,-,-,-,-,-,-,-,-,-,-
Matthew Mayer,SF,2022,11.10%,9,10.25,6' 8.00'',6' 9.25'',8' 9.00'',216.4,6' 10.50'',10.74,-,3.39,25.5,31.5,-,-,-,-,-,-,-,-,-
Bryce McGowens,SG,2022,5.40%,8.75,9.5,6' 5.25'',6' 6.50'',8' 7.50'',181.2,6' 8.75'',11.12,3.16,3.27,29.5,34,-,60.00%,-,-,-,-,-,52.00%,-
Leonard Miller,SF,2022,5.70%,9.25,10.5,6' 8.50'',6' 10.00'',8' 10.50'',211,7' 2.00'',11.11,3.02,3.36,30,36.5,-,50.00%,-,-,-,-,-,-,-
Josh Minnott,PF,2022,-%,-,-,,,,-,,-,-,-,-,-,-,-,-,-,-,-,-,-,-
Aminu Mohammed,SG-SF,2022,5.10%,8.75,9.5,6' 3.50'',6' 5.00'',8' 8.00'',212.8,6' 11.00'',11.54,3.04,3.33,29.5,36,-,76.70%,-,-,-,-,-,44.00%,-
Iverson Molinar,PG,2022,4.80%,8.5,9.5,6' 2.25'',6' 3.25'',8' 5.00'',183.2,6' 8.00'',11.23,3.1,3.19,31,38,-,66.70%,-,-,-,-,-,40.00%,-
Jean Montero,PG,2022,7.40%,8,8.75,6' 1.00'',6' 2.25'',8' 2.50'',171.8,6' 5.25'',11.19,3.17,3.17,29.5,37,-,70.00%,-,-,-,-,-,60.00%,-
Wendell Moore,SG,2022,7.50%,8.75,10.25,6' 4.25'',6' 5.50'',8' 5.00'',217.2,7' 0.50'',10.94,3.21,3.3,32.5,38.5,-,-,-,-,-,-,-,-,-
Keegan Murray,PF,2022,-%,-,-,,,,-,,-,-,-,-,-,-,-,-,-,-,-,-,-,-
Andrew Nembhard,PG,2022,4.40%,8,9.5,6' 3.00'',6' 4.50'',8' 3.00'',195.6,6' 5.75'',10.46,3.02,3.26,26.5,35,-,-,-,-,-,-,-,-,-
Scotty Pippen Jr.,PG,2022,5.30%,7.75,9,6' 0.00'',6' 1.50'',7' 11.50'',180,6' 5.75'',11.07,3.1,3.21,30.5,37.5,-,63.30%,-,-,-,-,-,56.00%,-
Gabriele Procida,SG-SF,2022,3.80%,8,9.25,6' 5.75'',6' 7.75'',8' 10.00'',192.8,6' 8.00'',11.02,3.14,3.07,29.5,35,-,-,-,-,-,-,-,-,-
Jared Rhoden,SG-SF,2022,-%,-,-,,,,-,,-,-,-,-,-,-,-,-,-,-,-,-,-,-
Orlando Robinson,C,2022,9.50%,8.75,10,6' 9.75'',6' 11.00'',9' 3.00'',244.4,7' 4.00'',11.4,3.23,3.55,23,27.5,-,60.00%,-,-,-,-,-,52.00%,-
David Roddy,PF,2022,11.60%,8.75,10,6' 4.50'',6' 6.00'',8' 9.00'',260.8,6' 11.50'',10.75,3.1,3.22,27,35.5,-,60.00%,-,-,-,-,-,52.00%,-
Ryan Rollins,SG,2022,5.00%,8,8.5,6' 2.00'',6' 3.25'',8' 4.50'',179.2,6' 9.75'',11.26,3.28,3.07,30.5,36.5,-,56.70%,-,-,-,-,-,48.00%,-
Marcus Sasser,PG,2022,-%,-,-,,,,-,,-,-,-,-,-,-,-,-,-,-,-,-,-,-
Dereon Seabron,SG,2022,4.00%,8.5,9.5,6' 4.75'',6' 5.75'',8' 7.50'',182.4,6' 8.75'',11.03,3.04,3.12,30.5,38,-,56.70%,-,-,-,-,-,60.00%,-
Shaedon Sharpe,SG,2022,4.80%,9,9.25,6' 4.25'',6' 5.25'',8' 7.50'',198,6' 11.50'',-,-,-,-,-,-,-,-,-,-,-,-,-,-
Terquavion Smith,SG,2022,3.80%,8.5,8,6' 2.25'',6' 3.75'',8' 2.00'',165.2,6' 6.50'',10.63,3.03,3.14,30.5,38.5,-,63.30%,-,-,-,-,-,52.00%,-
Jabari Smith,PF,2022,-%,-,-,,,,-,,-,-,-,-,-,-,-,-,-,-,-,-,-,-
Jeremy Sochan,PF,2022,-%,-,-,,,,-,,-,-,-,-,-,-,-,-,-,-,-,-,-,-
Matteo Spagnolo,PG,2022,8.60%,8.25,10,6' 4.00'',6' 5.50'',8' 6.00'',196.2,6' 8.00'',11.42,3.16,3.4,25.5,31.5,-,-,-,-,-,-,-,-,-
Julian Strawther,SF,2022,7.90%,8.25,8.5,6' 5.75'',6' 7.00'',8' 8.50'',207.6,6' 9.50'',10.3,3.37,3.26,28.5,35,-,70.00%,-,-,-,-,-,56.00%,-
Dalen Terry,SG,2022,5.40%,8.5,9,6' 6.00'',6' 7.25'',8' 10.00'',195.2,7' 0.75'',-,-,-,-,-,-,-,-,-,-,-,-,-,-
Drew Timme,C,2022,15.70%,9,10,6' 8.25'',6' 9.25'',8' 11.50'',231.6,7' 2.00'',11.71,3.31,3.38,25.5,31.5,-,43.30%,-,-,-,-,-,40.00%,-
Jabari Walker,PF,2022,12.10%,8.75,9.75,6' 6.75'',6' 8.00'',8' 9.00'',213.8,6' 10.75'',11.53,3.12,3.24,29.5,32.5,-,46.70%,-,-,-,-,-,44.00%,-
TyTy Washington Jr.,SG,2022,12.00%,8.5,9.25,6' 2.25'',6' 3.75'',8' 3.50'',196.4,6' 8.00'',-,-,-,-,-,-,-,-,-,-,-,-,-,-
Peyton Watson,SF,2022,5.20%,8.5,9.5,6' 6.75'',6' 8.00'',8' 11.50'',203.4,7' 0.50'',11.03,3.24,3.28,28,33.5,-,-,-,-,-,-,-,-,-
Blake Wesley,SG,2022,5.60%,8.25,9,6' 3.00'',6' 4.25'',8' 7.00'',187.2,6' 9.25'',11.55,3.25,3.21,30,36,-,-,-,-,-,-,-,-,-
Alondes Williams,SG,2022,7.20%,8.5,9.25,6' 3.75'',6' 5.00'',8' 6.00'',209,6' 7.00'',10.96,3.11,3.15,30,35.5,-,53.30%,-,-,-,-,-,44.00%,-
Jalen Williams,SG,2022,8.90%,8.5,9.5,6' 4.50'',6' 5.75'',8' 9.50'',209.2,7' 2.25'',11.13,3.17,3.11,33.5,39,-,70.00%,-,-,-,-,-,52.00%,-
Jaylin Williams,C,2022,8.00%,8.5,10.5,6' 8.75'',6' 10.00'',9' 0.50'',236.6,7' 1.00'',11.64,3.1,3.5,24.5,30,-,53.30%,-,-,-,-,-,40.00%,-
Trevion Williams,C,2022,10.80%,9,10.25,6' 7.25'',6' 8.75'',9' 0.50'',264.6,7' 2.75'',12.75,3.46,3.48,27.5,30,-,46.70%,-,-,-,-,-,44.00%,-
Bryson Williams,PF-C,2022,-%,-,-,,,,-,,-,-,-,-,-,-,-,-,-,-,-,-,-,-
Mark Williams,C,2022,5.40%,9,9.75,7' 0.00'',7' 2.00'',9' 9.00'',242.4,7' 6.50'',-,-,-,-,-,-,-,-,-,-,-,-,-,-
Jalen Wilson,SF-PF,2022,-%,-,-,,,,-,,-,-,-,-,-,-,-,-,-,-,-,-,-,-
Fanbo Zeng,SF-PF,2022,-%,-,-,,,,-,,-,-,-,-,-,-,-,-,-,-,-,-,-,-
Max Abmas,PG,2021,5.50%,8,7.75,5'10.5'',5'11.75'',7'10.0'',161.8,6'1.75'',10.9,3.49,3.12,28.5,32.5,-,,,,,,,,
Ochai Agbaji,SG,2021,4.15%,9,8.75,6'4.5'',6'5.5'',8'7.5'',214.4,6'10.0'',10.88,3.1,3.13,32,41.5,-,,,,,,,,
Marcus Bagley,SF,2021,7.50%,8.75,8.5,6'6.0'',6'7.75'',8'6.5'',216.8,6'11.0'',12.26,3.1,3.17,32.5,38.5,-,,,,,,,,
Scottie Barnes,SF,2021,5.30%,9.25,10.25,6'7.0'',6'8.0'',9'0.0'',225.4,7'2.75'',10.88,2.99,3.15,36,39.5,-,,,,,,,,
Charles Bassey,C,2021,5.90%,9,9.5,6'9.25'',6'10.25'',8'11.5'',230.2,7'3.0'',12.19,3.33,3.13,33,36,-,,,,,,,,
Brandon Boston Jr.,SF,2021,6.00%,9,9.75,6'5.75'',6'7.0'',8'8.0'',188,6'10.75'',-,-,-,-,-,-,,,,,,,,
James Bouknight,SG,2021,5.50%,8.75,9,6'3.5'',6'4.75'',8'5.5'',190,6'8.25'',-,-,-,-,-,-,,,,,,,,
Greg Brown III,PF,2021,5.50%,9,9.75,6'7.25'',6'8.5'',8'11.0'',206.4,7'0.25'',10.98,2.98,3.19,33.5,39,-,,,,,,,,
Jared Butler,PG,2021,5.10%,8.5,8.25,6'2.25'',6'3.75'',8'2.5'',193,6'4.0'',-,-,-,-,-,-,,,,,,,,
Julian Champagnie,SF,2021,8.00%,9,8.5,6'6.5'',6'7.5'',8'10.5'',217.4,6'10.0'',12.38,3.2,3.2,26,32,-,,,,,,,,
Justin Champagnie,PF,2021,6.30%,8.75,8.5,6'5.75'',6'6.75'',8'8.0'',206.4,6'9.5'',11.94,3.14,3.34,27,35,-,,,,,,,,
Josh Christopher,SG,2021,5.80%,8.75,8.5,6'3.25'',6'4.5'',8'5.0'',214.8,6'9.25'',11.32,3.3,3.14,29.5,37.5,-,,,,,,,,
Sharife Cooper,PG,2021,-%,-,-,,,,-,,-,-,-,-,-,-,,,,,,,,
Cade Cunningham,PG,2021,-%,-,-,,,,-,,-,-,-,-,-,-,,,,,,,,
Ayo Dosunmu,SG,2021,4.90%,8.5,8.75,6'3.5'',6'5.0'',8'6.0'',194.4,6'10.25'',11.51,3.27,3.23,27,33.5,-,,,,,,,,
David Duke Jr.,SG,2021,5.90%,8.5,9,6'4.25'',6'5.5'',8'6.5'',203.6,6'8.75'',11.21,3.19,3.08,30,39,-,,,,,,,,
Kessler Edwards,PF,2021,4.30%,8.5,8.25,6'7.0'',6'8.0'',8'10.0'',203,6'11.25'',11.3,3.38,3.25,28,37,-,,,,,,,,
Luka Garza,C,2021,11.70%,9,9.25,6'10.0'',6'11.25'',8'11.5'',242.8,7'1.5'',11.9,3.38,3.51,24,29.5,-,,,,,,,,
RaiQuan Gray,PF,2021,17.30%,9.25,9,6'6.5'',6'7.75'',8'9.0'',268.6,6'10.75'',11.69,3.3,3.25,26.5,31.5,-,,,,,,,,
Jalen Green,SG,2021,-%,-,-,,,,-,,-,-,-,-,-,-,,,,,,,,
Quentin Grimes,SG,2021,6.60%,8.5,10,6'4.0'',6'5.25'',8'5.0'',205,6'8.0'',11.09,3.33,3.07,30.5,38.5,-,,,,,,,,
Sam Hauser,SF,2021,7.90%,8.25,9,6'6.75'',6'8.0'',8'6.0'',217.4,6'9.25'',11.14,3.07,3.34,28.5,34.5,-,,,,,,,,
Aaron Henry,SF,2021,5.60%,8.5,9.25,6'4.5'',6'6.0'',8'7.5'',209.6,6'10.75'',11.68,3.18,3.07,29,35,-,,,,,,,,
Ariel Hukporti,C,2021,8.10%,9.5,9.5,6'10.75'',7'0.0'',9'3.5'',246,7'2.5'',12.2,3.53,3.12,24.5,31,-,,,,,,,,
Matt Hurt,PF,2021,15.20%,9,9,6'8.5'',6'9.5'',8'10.5'',232.4,6'9.5'',11.44,3.25,3.34,25.5,32.5,-,,,,,,,,
Nah'Shon Hyland,SG,2021,5.80%,8.75,9,6'2.0'',6'3.5'',8'5.5'',169,6'9.25'',10.53,3.17,3.1,26.5,34,-,,,,,,,,
Isaiah Jackson,C,2021,-%,-,-,,,,-,,-,-,-,-,-,-,,,,,,,,
David Johnson,SG,2021,7.50%,8.25,8.5,6'3.25'',6'4.75'',8'8.0'',202.8,6'10.5'',12.02,3.2,3.03,33,39,-,,,,,,,,
Jalen Johnson,PF,2021,4.50%,9.75,10.5,6'7.75'',6'9.25'',8'10.0'',209.6,7'0.25'',-,-,-,-,-,-,,,,,,,,
Keon Johnson,SG,2021,4.40%,8.5,9,6'3.5'',6'4.75'',8'1.0'',184.8,6'7.25'',11.45,3.2,3,41.5,48,-,,,,,,,,
Carlik Jones,PG,2021,4.50%,8.25,9,6'0.0'',6'1.0'',8'1.5'',173.6,6'5.0'',10.96,3.23,3.16,31.5,36,-,,,,,,,,
Kai Jones,PF,2021,4.70%,9,9.5,6'10.0'',6'11.5'',9'2.5'',221.4,7'1.75'',-,-,-,-,-,-,,,,,,,,
Herbert Jones,SF,2021,5.80%,8.5,9,6'6.0'',6'7.25'',8'10.0'',206.4,7'0.25'',11.02,3.17,3.25,28.5,36.5,-,,,,,,,,
Johnny Juzang,SG,2021,8.00%,8.5,9.5,6'5.5'',6'7.0'',8'4.5'',209,6'10.5'',11.13,3.08,3.13,31,36.5,-,,,,,,,,
Corey Kispert,SF,2021,6.80%,8.75,10,6'6.0'',6'7.25'',8'6.0'',223.8,6'7.0'',10.91,2.99,3.12,30,37.5,-,,,,,,,,
Jonathan Kuminga,SF,2021,-%,-,-,,,,-,,-,-,-,-,-,-,,,,,,,,
AJ Lawson,SG-SF,2021,4.40%,8.5,9.25,6'5.5'',6'6.75'',8'3.5'',179.2,6'6.75'',11,3.01,2.98,33,41,-,,,,,,,,
Scottie Lewis,SF,2021,4.70%,8.75,9.75,6'4.0'',6'5.25'',8'5.5'',187.6,7'0.0'',10.45,3.03,2.98,34,42,-,,,,,,,,
Isaiah Livers,SF,2021,9.40%,9,9.5,6'5.75'',6'7.25'',8'8.5'',231.8,6'9.25'',-,-,-,-,-,-,,,,,,,,
Makur Maker,C,2021,14.50%,8.75,9.5,6'10.25'',6'11.25'',9'4.0'',232.2,7'1.75'',11.87,3.28,3.34,25.5,31,-,,,,,,,,
Sandro Mamukelashvili,C,2021,7.80%,9,9.5,6'9.0'',6'10.0'',8'10.5'',239.8,7'1.25'',11.63,3.3,3.21,30.5,36.5,-,,,,,,,,
Tre Mann,PG,2021,4.10%,8,9,6'3.25'',6'4.25'',8'2.5'',177.6,6'4.0'',-,-,-,-,-,-,,,,,,,,
Matthew Mayer,PF,2021,-%,-,-,,,,-,,-,-,-,-,-,-,,,,,,,,
Miles McBride,PG,2021,6.00%,9,9.5,6'1.0'',6'2.5'',8'3.5'',195.2,6'8.75'',11.08,3.13,3.1,31,38.5,-,,,,,,,,
Davion Mitchell,PG,2021,6.20%,8.25,8.75,6'0.0'',6'1.25'',8'0.5'',202.4,6'4.25'',-,-,-,-,-,-,,,,,,,,
Evan Mobley,PF,2021,-%,-,-,,,,-,,-,-,-,-,-,-,,,,,,,,
Isaiah Mobley,PF,2021,12.90%,9,10,6'8.0'',6'9.75'',8'11.5'',238,7'3.0'',12.7,3.5,3.3,26.5,32,-,,,,,,,,
Moses Moody,SG,2021,6.80%,9,10,6'4.5'',6'6.0'',8'9.0'',210.6,7'0.75'',-,-,-,-,-,-,,,,,,,,
Trey Murphy III,SF,2021,8.10%,8.5,9,6'7.5'',6'9.25'',8'9.5'',206,7'0.0'',11.65,3.32,3.14,34,38,-,,,,,,,,
Daishen Nix,PG,2021,11.80%,8.5,9,6'3.0'',6'4.25'',8'4.0'',225.6,6'6.75'',11.72,3.18,3,29.5,36.5,-,,,,,,,,
John Petty Jr.,SG,2021,5.60%,8.5,9,6'4.5'',6'5.75'',8'7.5'',186.2,6'9.5'',11.51,3.17,3.35,27.5,34,-,,,,,,,,
Yves Pons,PF,2021,4.00%,9,9.25,6'5.5'',6'6.75'',8'8.0'',206.4,7'0.75'',10.89,3.05,3.1,36,42.5,-,,,,,,,,
Jason Preston,PG,2021,5.45%,8.5,9.25,6'3.0'',6'4.0'',8'4.5'',180.6,6'8.5'',10.82,3.08,3.13,30.5,38.5,-,,,,,,,,
Joshua Primo,SG,2021,6.30%,9,10,6'4.0'',6'5.0'',8'6.5'',189,6'9.25'',10.97,3.36,3.22,30.5,37.5,-,,,,,,,,
Roko Prkacin,PF,2021,7.00%,8.75,9.25,6'7.5'',6'9.25'',8'11.0'',225.4,6'11.0'',-,-,-,-,-,-,,,,,,,,
Neemias Queta,C,2021,7.60%,9.25,10.5,6'11.25'',7'0.5'',9'4.5'',248.4,7'4.0'',11.85,3.5,3.29,27,33,-,,,,,,,,
Austin Reaves,SG,2021,11.00%,8,8.25,6'4.5'',6'5.75'',8'5.0'',197.2,6'6.25'',10.94,3.19,3.07,25,35,-,,,,,,,,
Jeremiah Robinson-Earl,PF,2021,8.90%,9,9.75,6'7.75'',6'9.0'',8'9.5'',242.4,6'9.75'',11.64,3.15,3.29,27,32,-,,,,,,,,
Terrence Shannon Jr.,SF,2021,6.70%,8,8,6'5.5'',6'6.5'',8'4.0'',206.6,6'8.25'',11.51,3.12,3.21,32.5,39.5,-,,,,,,,,
Day'Ron Sharpe,C,2021,-%,-,-,,,,-,,-,-,-,-,-,-,,,,,,,,
Jericho Sims,C,2021,5.50%,9,9.75,6'9.0'',6'10.0'',8'10.0'',250.2,7'3.25'',11.59,3.38,3.05,37,44.5,-,,,,,,,,
Jaden Springer,SG,2021,6.30%,8.5,9.75,6'3.0'',6'4.25'',8'3.0'',202,6'7.75'',11.46,3.1,3.13,34.5,41.5,-,,,,,,,,
DJ Steward,PG,2021,5.00%,8.5,9,6'0.75'',6'1.75'',8'2.5'',162.2,6'7.0'',11.14,3.1,3.08,34.5,38.5,-,,,,,,,,
Cam Thomas,SG,2021,-%,-,-,,,,-,,-,-,-,-,-,-,,,,,,,,
JT Thor,PF,2021,6.10%,9.25,9.5,6'8.5'',6'9.25'',9'2.0'',203,7'3.25'',12.19,3.08,3.06,31.5,35,-,,,,,,,,
Isaiah Todd,PF,2021,6.20%,9,9.75,6'8.75'',6'10.0'',8'11.5'',219,7'1.25'',11.38,3.25,3.31,28.5,35.5,-,,,,,,,,
Duane Washington Jr.,SG,2021,5.10%,8.25,8.75,6'2.25'',6'3.75'',8'5.0'',196.8,6'7.75'',11.5,3.06,3.17,29.5,35.5,-,,,,,,,,
Trendon Watford,PF,2021,10.10%,9.5,9.5,6'7.5'',6'8.75'',8'9.0'',237.4,7'2.25'',11.69,3.23,3.27,28,35,-,,,,,,,,
Joe Wieskamp,SF,2021,4.10%,8.5,9.25,6'5.75'',6'7.25'',8'7.0'',204.8,6'11.0'',10.7,3.18,3.04,30,42,-,,,,,,,,
Aaron Wiggins,SG-SF,2021,5.00%,8.75,8.5,6'4.5'',6'5.0'',8'7.0'',190,6'9.75'',11.2,3,3.04,29.5,36,-,,,,,,,,
Ziaire Williams,SF,2021,4.40%,9,8.75,6'8.25'',6'9.75'',8'10.5'',188.4,6'10.25'',10.69,3.04,3.12,34,39.5,-,,,,,,,,
Moses Wright,PF,2021,5.60%,9,9.5,6'7.75'',6'9.0'',8'11.0'',225.8,7'0.75'',11.2,3.42,3.15,31.5,38,-,,,,,,,,
McKinley Wright IV,PG,2021,6.70%,8.5,9,5'11.25'',6'0.25'',7'10.0'',192.2,6'5.25'',10.76,3.12,3.08,31.5,38,-,,,,,,,,
Marcus Zegarowski,PG,2021,7.20%,8,9.5,6'0.75'',6'2.0'',8'0.0'',180.8,6'2.75'',11.47,3.26,3.11,30,35.5,-,,,,,,,,